class;seq;length;cA;cC;cG;cU;fA;fC;fG;fU;Us;%GC;Homop_3;homopol_4;homop_5;homop_6;homop_7;homop 4 or more;hairpin;melting;DeltaG;Delta H;DeltaS;
PGM-1;agcagcauuguacagggcuauga;23;7;4;7;5;30,43;17,39;30,43;21,74;1,25;47,82;ggg;0;0;0;0;0;agc…gcu + …agc…gcu;55;29,9;241,72;623,9;
PGM-2;agcagcauuguacagggcuauca;23;7;5;6;5;30,43;21,74;26,09;21,74;1,25;47,83;ggg;0;0;0;0;0;agc…gcu + …agc…gcu;55;29,9;241,72;623,9;
PGM-3;acgcccuucccccccuucuuca;22;2;13;1;6;9,09;59,09;4,55;27,27;2;63,64;ccc;0;0;0;ccccccc;1;0;60;32,7;243,64;617,4;
PGM-4;ucucccaacccuuguaccagug;22;4;9;3;6;18,18;40,91;13,64;27,27;1,2;54,55;ccc…ccc;0;0;0;0;0;caa…uug;57;29,1;231,91;593,9;
PGM-5;agguucugugauacacuccgacu;23;5;6;5;7;21,74;26,09;21,74;30,43;1,1666666667;47,83;0;0;0;0;0;0;0;55;29,6;241,29;624,9;
PGM-6;acaguagucugcacauugguua;22;6;4;5;7;27,27;18,18;22,73;31,82;1,4;40,91;0;0;0;0;0;0;cag…cug;51;26,5;219,71;571,1;
PGM-7;ugucaguuugucaaauacccca;22;6;6;3;7;27,27;27,27;13,64;31,82;1,4;40,91;uuu…aaa;cccc;0;0;0;1;0;51;26,9;217,6;565,9;
PGM-8;uguuguacuuuuuuuuuuguuc;22;1;2;3;16;4,55;9,09;13,64;72,73;3,75;22,73;0;0;0;0;(U)10;1;0;44;23,2;182,33;487,8;
PGM-9;cagugcaaugauauugucaaagc;23;8;4;5;6;34,78;17,39;21,74;26,09;1,2;39,13;aaa;0;0;0;0;0;caa….uug;52;27,2;224,07;590;2 self annealling sites 6 bases and no mismatches 
PGM-10;aggguguguguguuuuu;17;1;0;7;9;5,88;0;41,18;52,94;1,8;41,18;ggg;0;(U)5;0;0;1;0;42;19,8;163,22;423,6;
AV_PGM;;21,78;4,44;5,44;4,22;7,67;19,91;24,42;19,88;35,79;1,64;44,30;1,00;1,00;1,00;0,00;2,00;0,44;0,56;52,20;27,48;220,72;572,24;
SOLID-1;agcagcauuguacagggcuauga;23;7;4;7;5;30,43;17,39;30,43;21,74;1,25;47,82;ggg;0;0;0;0;0;agc..ggu + ...agc..gcu;55;29,9;241,72;623,9;
SOLID-2;agcagcauuguacagggcuauca;23;7;5;6;5;30,43;21,74;26,09;21,74;1,25;47,83;ggg;0;0;0;0;0;agc..ggu + ...agc..gcu;55;29,9;241,72;623,9;
SOLID-3;acgcccuucccccccuucuuca;22;2;13;1;6;9,09;59,09;4,55;27,27;2;63,64;ccc;0;0;0;(C)7;1;0;60;32,7;243,64;617,4;
SOLID-4;cauaaaguagaaagcacuacu;21;10;4;3;4;47,62;19,05;14,29;19,05;1;33,34;aaa…aaa;0;0;0;0;0;0;47;22,6;194,45;511,4;
SOLID-5;ucucccaacccuuguaccagug;22;4;9;3;6;18,18;40,91;13,64;27,27;1,2;54,55;ccc…ccc;0;0;0;0;0;caa…uug;57;29,1;231,92;593,9;
SOLID-6;agguucugugauacacuccgacu;23;5;6;5;7;21,74;26,09;21,74;30,43;1,1666666667;47,83;0;0;0;0;0;0;0;55;29,6;241,29;624,9;
SOLID-7;cucacugaacaaugaaugcaa;21;9;5;3;4;42,86;23,81;14,29;19,05;1;38,1;0;0;0;0;0;0;0;49;24,6;204,56;538,4;
SOLID-8;acaguagucugcacauugguua;22;6;4;5;7;27,27;18,18;22,73;31,82;1,4;40,91;0;0;0;0;0;0;cag…cug;51;26,5;219,71;571,1;
SOLID-9;ugucaguuugucaaauacccca;22;6;6;3;7;27,27;27,27;13,64;31,82;1,4;40,91;uuu…aaa;cccc;0;0;0;1;0;51;26,9;217,6;565,9;
SOLID-10;uagcaccaucugaaaucgguua;22;7;5;4;6;31,82;22,73;18,18;27,27;1,2;40,91;aaa;0;0;0;0;0;acc….ggu;49;26,5;209,92;550,2;
SOLID-11;uagcaccauuugaaaucgguua;22;7;4;4;7;31,82;18,18;18,18;31,82;1,75;36,36;uuu…aaa;0;0;0;0;0;acc….ggu;49;26,5;209,92;550,2;
SOLID-12;cagugcaaugauauugucaaagc;23;8;4;5;6;34,78;17,39;21,74;26,09;1,2;39,13;aaa;0;0;0;0;0;caa….uug;52;27,2;224,07;590;2 self annealling sites 6 bases and no mismatches 
SOLID-13;gcaugugaugaagcaaaucagu;22;8;3;6;5;36,36;13,64;27,27;22,73;1;40,91;aaa;0;0;0;0;0;0;51;26,6;222,02;583;
SOLID-14;gggcucacaucaccccau;18;4;8;3;3;22,22;44,44;16,67;16,67;1;61,11;ggg…cccc;0;0;0;0;0;ggg……ccc;53;23,9;200,51;512,5;
SOLID-15;gcuaaggaaguccugugcucag;22;5;5;7;5;22,73;22,73;31,82;22,73;1;54,55;0;0;0;0;0;0;agga..uccu;57;28,7;232,15;597,5;
AV_SOLiD;;21,87;6,33;5,67;4,33;5,53;28,97;26,18;19,68;25,17;1,25;45,86;1,07;1,00;0,00;0,00;1,00;0,13;0,62;52,57;27,24;220,96;573,59;
