a_both,a_in,a_out,c_both,c_in,c_out,counts_uu,counts_uuu,edge_type,g_both,g_in,g_out,group,seq,ttest_larger,ttest_smaller,ttest_two-sided,u_both,u_in,u_out,ztest_larger,ztest_smaller,ztest_two-sided
12.0,6.0,6.0,8.0,4.0,4.0,1.0,0.0,,14.0,7.0,7.0,PGM,agcagcauuguacagggcuauga,,,,10.0,5.0,5.0,,,
12.0,6.0,6.0,10.0,5.0,5.0,1.0,0.0,,12.0,6.0,6.0,PGM,agcagcauuguacagggcuauca,,,,10.0,5.0,5.0,,,
2.0,1.0,1.0,26.0,13.0,13.0,3.0,0.0,,2.0,1.0,1.0,PGM,acgcccuucccccccuucuuca,,,,12.0,6.0,6.0,,,
8.0,4.0,4.0,18.0,9.0,9.0,1.0,0.0,,5.0,3.0,2.0,PGM,ucucccaacccuuguaccagug,,,,11.0,5.0,6.0,,,
9.0,4.0,5.0,12.0,6.0,6.0,1.0,0.0,,10.0,5.0,5.0,PGM,agguucugugauacacuccgacu,,,,13.0,7.0,6.0,,,
10.0,5.0,5.0,8.0,4.0,4.0,2.0,0.0,,10.0,5.0,5.0,PGM,acaguagucugcacauugguua,,,,14.0,7.0,7.0,,,
11.0,6.0,5.0,12.0,6.0,6.0,2.0,1.0,,6.0,3.0,3.0,PGM,ugucaguuugucaaauacccca,,,,13.0,6.0,7.0,,,
2.0,1.0,1.0,3.0,2.0,1.0,11.0,8.0,,6.0,3.0,3.0,PGM,uguuguacuuuuuuuuuuguuc,,,,31.0,15.0,16.0,,,
16.0,8.0,8.0,6.0,3.0,3.0,1.0,0.0,,10.0,5.0,5.0,PGM,cagugcaaugauauugucaaagc,,,,12.0,6.0,6.0,,,
1.0,0.0,1.0,0.0,0.0,0.0,4.0,3.0,,14.0,7.0,7.0,PGM,aggguguguguguuuuu,,,,17.0,9.0,8.0,,,
12.0,6.0,6.0,8.0,4.0,4.0,1.0,0.0,,14.0,7.0,7.0,SOLID,agcagcauuguacagggcuauga,,,,10.0,5.0,5.0,,,
12.0,6.0,6.0,10.0,5.0,5.0,1.0,0.0,,12.0,6.0,6.0,SOLID,agcagcauuguacagggcuauca,,,,10.0,5.0,5.0,,,
2.0,1.0,1.0,26.0,13.0,13.0,3.0,0.0,,2.0,1.0,1.0,SOLID,acgcccuucccccccuucuuca,,,,12.0,6.0,6.0,,,
20.0,10.0,10.0,7.0,3.0,4.0,0.0,0.0,,6.0,3.0,3.0,SOLID,cauaaaguagaaagcacuacu,,,,7.0,4.0,3.0,,,
8.0,4.0,4.0,18.0,9.0,9.0,1.0,0.0,,5.0,3.0,2.0,SOLID,ucucccaacccuuguaccagug,,,,11.0,5.0,6.0,,,
9.0,4.0,5.0,12.0,6.0,6.0,1.0,0.0,,10.0,5.0,5.0,SOLID,agguucugugauacacuccgacu,,,,13.0,7.0,6.0,,,
17.0,9.0,8.0,9.0,4.0,5.0,0.0,0.0,,6.0,3.0,3.0,SOLID,cucacugaacaaugaaugcaa,,,,8.0,4.0,4.0,,,
10.0,5.0,5.0,8.0,4.0,4.0,2.0,0.0,,10.0,5.0,5.0,SOLID,acaguagucugcacauugguua,,,,14.0,7.0,7.0,,,
11.0,6.0,5.0,12.0,6.0,6.0,2.0,1.0,,6.0,3.0,3.0,SOLID,ugucaguuugucaaauacccca,,,,13.0,6.0,7.0,,,
13.0,7.0,6.0,10.0,5.0,5.0,1.0,0.0,,8.0,4.0,4.0,SOLID,uagcaccaucugaaaucgguua,,,,11.0,5.0,6.0,,,
13.0,7.0,6.0,8.0,4.0,4.0,3.0,1.0,,8.0,4.0,4.0,SOLID,uagcaccauuugaaaucgguua,,,,13.0,6.0,7.0,,,
16.0,8.0,8.0,6.0,3.0,3.0,1.0,0.0,,10.0,5.0,5.0,SOLID,cagugcaaugauauugucaaagc,,,,12.0,6.0,6.0,,,
16.0,8.0,8.0,6.0,3.0,3.0,0.0,0.0,,11.0,5.0,6.0,SOLID,gcaugugaugaagcaaaucagu,,,,9.0,5.0,4.0,,,
8.0,4.0,4.0,16.0,8.0,8.0,0.0,0.0,,5.0,2.0,3.0,SOLID,gggcucacaucaccccau,,,,5.0,3.0,2.0,,,
10.0,5.0,5.0,10.0,5.0,5.0,0.0,0.0,,12.0,6.0,6.0,SOLID,gcuaaggaaguccugugcucag,,,,10.0,5.0,5.0,,,
,,,,,,,,a_in,,,,SOLiD,,0.994432980419,0.00556701958089,0.0111340391618,,,,0.994461828305,0.00553817169547,0.0110763433909
,,,,,,,,a_out,,,,SOLiD,,0.981102362482,0.0188976375183,0.0377952750366,,,,0.981151285983,0.018848714017,0.037697428034
,,,,,,,,a_both,,,,SOLiD,,0.990037615336,0.00996238466428,0.0199247693286,,,,0.990075722224,0.00992427777648,0.019848555553
,,,,,,,,c_in,,,,SOLiD,,0.813919014071,0.186080985929,0.372161971858,,,,0.81396029938,0.18603970062,0.37207940124
,,,,,,,,c_out,,,,SOLiD,,0.852532124682,0.147467875318,0.294935750636,,,,0.852580791421,0.147419208579,0.294838417157
,,,,,,,,c_both,,,,SOLiD,,0.835412994198,0.164587005802,0.329174011603,,,,0.835458373721,0.164541626279,0.329083252559
,,,,,,,,u_in,,,,SOLiD,,0.564847054887,0.435152945113,0.870305890227,,,,0.564853397607,0.435146602393,0.870293204786
,,,,,,,,u_out,,,,SOLiD,,0.520282508543,0.479717491457,0.959434982914,,,,0.520284461488,0.479715538512,0.959431077025
,,,,,,,,u_both,,,,SOLiD,,0.543097857417,0.456902142583,0.913804285165,,,,0.543102032249,0.456897967751,0.913795935502
,,,,,,,,g_in,,,,SOLiD,,0.00486519543952,0.99513480456,0.00973039087903,,,,0.00483829967973,0.99516170032,0.00967659935945
,,,,,,,,g_out,,,,SOLiD,,0.0116578064369,0.988342193563,0.0233156128738,,,,0.0116170397752,0.988382960225,0.0232340795504
,,,,,,,,g_both,,,,SOLiD,,0.00740668542757,0.992593314572,0.0148133708551,,,,0.00737344275203,0.992626557248,0.0147468855041
